取引日時,取引種別,取引形態,通貨ペア,増加通貨名,増加数量,減少通貨名,減少数量,約定代金,約定価格,手数料通貨,手数料数量,送付元アドレス,送付先アドレス,登録番号,社名,備考
2025/1/4 6:12,売却,媒介,BTC/JPY,JPY,30855.442,BTC,0.002,30855.442,15427721,,,,,関東財務局長 第00014号,コインチェック株式会社,Trade ID: 29614293541
2025/1/4 6:16,売却,媒介,BTC/JPY,JPY,46289.598,BTC,0.003,46289.598,15429866,,,,,関東財務局長 第00014号,コインチェック株式会社,Trade ID: 29614293542
2025/1/4 6:20,売却,媒介,BTC/JPY,JPY,15427.853,BTC,0.001,15427.853,15427853,,,,,関東財務局長 第00014号,コインチェック株式会社,Trade ID: 29614293543
2025/1/4 6:20,売却,媒介,BTC/JPY,JPY,16867.73015,BTC,0.00109333,16867.73015,15427849,,,,,関東財務局長 第00014号,コインチェック株式会社,Trade ID: 29614293544
2025/1/4 6:20,売却,媒介,BTC/JPY,JPY,13987.57436,BTC,0.00090667,13987.57436,15427415,,,,,関東財務局長 第00014号,コインチェック株式会社,Trade ID: 29614293545
2025/1/4 9:04,売却,媒介,BTC/JPY,JPY,46305.75,BTC,0.003,46305.75,15435250,,,,,関東財務局長 第00014号,コインチェック株式会社,Trade ID: 29614293546
2025/1/4 11:20,売却,媒介,IOST/JPY,JPY,3883.5225,IOST,3315,3883.5225,1.1715,JPY,1.94176125,,,関東財務局長 第00014号,コインチェック株式会社,Trade ID: 29614293547
2025/1/4 11:21,売却,媒介,IOST/JPY,JPY,3145.4775,IOST,2685,3145.4775,1.1715,JPY,1.57273875,,,関東財務局長 第00014号,コインチェック株式会社,Trade ID: 29614293548
2025/1/6 15:18,購入,媒介,BTC/JPY,BTC,0.00109973,JPY,17261.99882,17261.99882,15696579,,,,,関東財務局長 第00014号,コインチェック株式会社,Trade ID: 28939483702
2025/1/7 5:02,売却,媒介,BTC/JPY,JPY,33668.61867,BTC,0.0020972,33668.61867,16054081,,,,,関東財務局長 第00014号,コインチェック株式会社,Trade ID: 29614293551
2025/1/8 6:27,購入,媒介,BTC/JPY,BTC,0.00399837,JPY,61374.93552,61374.93552,15349989,,,,,関東財務局長 第00014号,コインチェック株式会社,Trade ID: 28964470469
2025/1/8 6:31,購入,媒介,BTC/JPY,BTC,0.00399937,JPY,61454.84734,61454.84734,15366132,,,,,関東財務局長 第00014号,コインチェック株式会社,Trade ID: 28964508481
2025/1/8 6:35,購入,媒介,BTC/JPY,BTC,0.00400068,JPY,61380.87698,61380.87698,15342611,,,,,関東財務局長 第00014号,コインチェック株式会社,Trade ID: 28964556504
2025/1/8 16:19,購入,媒介,IOST/JPY,IOST,10000,JPY,10480,10480,1.048,JPY,5.24,,,関東財務局長 第00014号,コインチェック株式会社,Trade ID: 33300992432
2025/1/9 9:22,売却,媒介,IOST/JPY,JPY,4372.2705,IOST,3705,4372.2705,1.1801,JPY,2.18613525,,,関東財務局長 第00014号,コインチェック株式会社,Trade ID: 30079398730
2025/1/9 9:24,売却,媒介,IOST/JPY,JPY,2858.2022,IOST,2422,2858.2022,1.1801,JPY,1.4291011,,,関東財務局長 第00014号,コインチェック株式会社,Trade ID: 30079398731
2025/1/9 9:36,売却,媒介,IOST/JPY,JPY,1379.5369,IOST,1169,1379.5369,1.1801,JPY,0.68976845,,,関東財務局長 第00014号,コインチェック株式会社,Trade ID: 30079398732
2025/1/9 9:40,売却,媒介,IOST/JPY,JPY,1619.0972,IOST,1372,1619.0972,1.1801,JPY,0.8095486,,,関東財務局長 第00014号,コインチェック株式会社,Trade ID: 30079398733
2025/1/9 9:42,売却,媒介,IOST/JPY,JPY,1571.8932,IOST,1332,1571.8932,1.1801,JPY,0.7859466,,,関東財務局長 第00014号,コインチェック株式会社,Trade ID: 30079398734
2025/1/13 6:42,購入,媒介,IOST/JPY,IOST,8535,JPY,10071.3,10071.3,1.18,JPY,5.03565,,,関東財務局長 第00014号,コインチェック株式会社,Trade ID: 33300992434
2025/1/13 6:42,購入,媒介,IOST/JPY,IOST,1465,JPY,1728.7,1728.7,1.18,JPY,0.86435,,,関東財務局長 第00014号,コインチェック株式会社,Trade ID: 33300992435
2025/1/13 13:19,購入,媒介,IOST/JPY,IOST,5000,JPY,5642.5,5642.5,1.1285,JPY,2.82125,,,関東財務局長 第00014号,コインチェック株式会社,Trade ID: 33300992436
2025/1/15 2:35,売却,媒介,IOST/JPY,JPY,12890,IOST,10000,12890,1.289,JPY,6.445,,,関東財務局長 第00014号,コインチェック株式会社,Trade ID: 30079398739
2025/1/16 12:12,購入,媒介,IOST/JPY,IOST,5000,JPY,5889.5,5889.5,1.1779,JPY,2.94475,,,関東財務局長 第00014号,コインチェック株式会社,Trade ID: 33300992438
2025/1/16 21:38,購入,媒介,IOST/JPY,IOST,8000,JPY,9199.2,9199.2,1.1499,JPY,9.1992,,,関東財務局長 第00014号,コインチェック株式会社,Trade ID: 33300992439
2025/1/17 17:08,売却,媒介,BTC/JPY,JPY,63397.348,BTC,0.004,63397.348,15849337,,,,,関東財務局長 第00014号,コインチェック株式会社,Trade ID: 30079398744
2025/1/17 17:12,売却,媒介,BTC/JPY,JPY,63385.616,BTC,0.004,63385.616,15846404,,,,,関東財務局長 第00014号,コインチェック株式会社,Trade ID: 31079210222
2025/1/17 17:19,売却,媒介,BTC/JPY,JPY,63433.37826,BTC,0.00399851,63433.37826,15864254,,,,,関東財務局長 第00014号,コインチェック株式会社,Trade ID: 31079210223
2025/1/17 21:56,購入,媒介,IOST/JPY,IOST,10000,JPY,11385,11385,1.1385,JPY,5.6925,,,関東財務局長 第00014号,コインチェック株式会社,Trade ID: 33300992440
2025/1/18 14:36,購入,媒介,IOST/JPY,IOST,5000,JPY,5555.5,5555.5,1.1111,JPY,2.77775,,,関東財務局長 第00014号,コインチェック株式会社,Trade ID: 33300992441
2025/1/23 8:52,購入,媒介,IOST/JPY,IOST,5000,JPY,4975,4975,0.995,JPY,2.4875,,,関東財務局長 第00014号,コインチェック株式会社,Trade ID: 33300992442
2025/1/23 9:00,購入,媒介,IOST/JPY,IOST,5000,JPY,4975,4975,0.995,JPY,2.4875,,,関東財務局長 第00014号,コインチェック株式会社,Trade ID: 33300992443
2025/1/23 17:45,購入,媒介,IOST/JPY,IOST,193,JPY,187.789,187.789,0.973,JPY,0.0938945,,,関東財務局長 第00014号,コインチェック株式会社,Trade ID: 33300992444
2025/1/23 17:45,購入,媒介,IOST/JPY,IOST,1048,JPY,1019.704,1019.704,0.973,JPY,0.509852,,,関東財務局長 第00014号,コインチェック株式会社,Trade ID: 33300992445
2025/1/23 17:49,購入,媒介,IOST/JPY,IOST,1466,JPY,1426.418,1426.418,0.973,JPY,0.713209,,,関東財務局長 第00014号,コインチェック株式会社,Trade ID: 33300992446
2025/1/23 19:47,購入,媒介,IOST/JPY,IOST,2185,JPY,2126.005,2126.005,0.973,JPY,1.0630025,,,関東財務局長 第00014号,コインチェック株式会社,Trade ID: 33300992447
2025/1/23 20:12,購入,媒介,IOST/JPY,IOST,5108,JPY,4970.084,4970.084,0.973,JPY,2.485042,,,関東財務局長 第00014号,コインチェック株式会社,Trade ID: 33300992448
2025/1/27 13:15,購入,媒介,IOST/JPY,IOST,9646,JPY,9151.1602,9151.1602,0.9487,JPY,4.5755801,,,関東財務局長 第00014号,コインチェック株式会社,Trade ID: 33300992449
2025/1/27 13:27,購入,媒介,IOST/JPY,IOST,354,JPY,335.8398,335.8398,0.9487,JPY,0.1679199,,,関東財務局長 第00014号,コインチェック株式会社,Trade ID: 33300992450
2025/1/27 17:32,購入,媒介,BTC/JPY,BTC,0.00199954,JPY,30853.99795,30853.99795,15430548,,,,,関東財務局長 第00014号,コインチェック株式会社,Trade ID: 29311064000
2025/1/27 17:34,購入,媒介,IOST/JPY,IOST,10000,JPY,9113,9113,0.9113,JPY,4.5565,,,関東財務局長 第00014号,コインチェック株式会社,Trade ID: 33300992451
2025/1/28 7:31,売却,媒介,IOST/JPY,JPY,499.5004995,IOST,498.2548623,499.5004995,1.0025,JPY,0.24975025,,,関東財務局長 第00014号,コインチェック株式会社,Trade ID: 31546472613
2025/1/28 7:34,売却,媒介,IOST/JPY,JPY,886.21,IOST,884,886.21,1.0025,JPY,0.443105,,,関東財務局長 第00014号,コインチェック株式会社,Trade ID: 31546472614
2025/1/28 8:40,売却,媒介,IOST/JPY,JPY,1182.95,IOST,1180,1182.95,1.0025,JPY,0.591475,,,関東財務局長 第00014号,コインチェック株式会社,Trade ID: 31546472615
2025/1/28 8:44,売却,媒介,IOST/JPY,JPY,4761.875,IOST,4750,4761.875,1.0025,JPY,2.3809375,,,関東財務局長 第00014号,コインチェック株式会社,Trade ID: 31546472616
2025/1/28 9:12,売却,媒介,IOST/JPY,JPY,3066.3072,IOST,3168,3066.3072,0.9679,JPY,1.5331536,,,関東財務局長 第00014号,コインチェック株式会社,Trade ID: 31546472617
2025/1/28 9:20,売却,媒介,IOST/JPY,JPY,185.8368,IOST,192,185.8368,0.9679,JPY,0.0929184,,,関東財務局長 第00014号,コインチェック株式会社,Trade ID: 31546472618
2025/1/28 9:21,売却,媒介,IOST/JPY,JPY,475.2389,IOST,491,475.2389,0.9679,JPY,0.23761945,,,関東財務局長 第00014号,コインチェック株式会社,Trade ID: 31546472619
2025/1/28 9:21,売却,媒介,IOST/JPY,JPY,2530.0906,IOST,2614,2530.0906,0.9679,JPY,1.2650453,,,関東財務局長 第00014号,コインチェック株式会社,Trade ID: 31546472620
2025/1/28 9:25,売却,媒介,IOST/JPY,JPY,3421.5265,IOST,3535,3421.5265,0.9679,JPY,1.71076325,,,関東財務局長 第00014号,コインチェック株式会社,Trade ID: 31546472621
2025/1/28 10:31,売却,媒介,BTC/JPY,JPY,31614.185,BTC,0.001999,31614.185,15815000,JPY,0,,,関東財務局長 第00014号,コインチェック株式会社,Trade ID: 31546472622
2025/1/29 23:06,購入,媒介,IOST/JPY,IOST,1780,JPY,1579.75,1579.75,0.8875,JPY,0.789875,,,関東財務局長 第00014号,コインチェック株式会社,Trade ID: 33578718482
2025/1/29 23:36,購入,媒介,IOST/JPY,IOST,36,JPY,31.95,31.95,0.8875,JPY,0.015975,,,関東財務局長 第00014号,コインチェック株式会社,Trade ID: 33578718483
2025/1/29 23:37,購入,媒介,IOST/JPY,IOST,8184,JPY,7263.3,7263.3,0.8875,JPY,3.63165,,,関東財務局長 第00014号,コインチェック株式会社,Trade ID: 33578718484
2025/1/31 23:41,売却,媒介,IOST/JPY,JPY,716.625,IOST,750,716.625,0.9555,JPY,0.716625,,,関東財務局長 第00014号,コインチェック株式会社,Trade ID: 31546472625
2025/1/31 23:47,売却,媒介,IOST/JPY,JPY,8838.375,IOST,9250,8838.375,0.9555,JPY,4.4191875,,,関東財務局長 第00014号,コインチェック株式会社,Trade ID: 31546472626
2025/2/2 20:45,購入,媒介,IOST/JPY,IOST,10000,JPY,8460,8460,0.846,JPY,4.23,,,関東財務局長 第00014号,コインチェック株式会社,Trade ID: 33578718486
2025/2/3 8:51,購入,媒介,IOST/JPY,IOST,10000,JPY,8150,8150,0.815,JPY,4.075,,,関東財務局長 第00014号,コインチェック株式会社,Trade ID: 33578718487
2025/2/3 14:13,購入,媒介,IOST/JPY,IOST,10000,JPY,7205,7205,0.7205,JPY,3.6025,,,関東財務局長 第00014号,コインチェック株式会社,Trade ID: 33578718488
2025/2/3 15:03,購入,媒介,BTC/JPY,BTC,0.00399779,JPY,58719.86334,58719.86334,14688081,,,,,関東財務局長 第00014号,コインチェック株式会社,Trade ID: 29442836925
2025/2/4 6:08,売却,媒介,BTC/JPY,JPY,62729.26359,BTC,0.00399833,62729.26359,15688866,,,,,関東財務局長 第00014号,コインチェック株式会社,Trade ID: 32081895091
2025/2/5 16:11,購入,媒介,ETH/JPY,ETH,0.04721357,JPY,19999.99875,19999.99875,423607,,,,,関東財務局長 第00014号,コインチェック株式会社,Trade ID: 29493912925
2025/2/7 0:26,購入,媒介,IOST/JPY,IOST,1304,JPY,932.6208,932.6208,0.7152,JPY,0.4663104,,,関東財務局長 第00014号,コインチェック株式会社,Trade ID: 33578718489
2025/2/7 0:31,購入,媒介,IOST/JPY,IOST,8696,JPY,6219.3792,6219.3792,0.7152,JPY,3.1096896,,,関東財務局長 第00014号,コインチェック株式会社,Trade ID: 33578718490
2025/2/7 4:17,購入,媒介,BTC/JPY,BTC,0.00200151,JPY,29424.9871,29424.9871,14701394,,,,,関東財務局長 第00014号,コインチェック株式会社,Trade ID: 29526657210
2025/2/10 4:57,購入,媒介,BTC/JPY,BTC,0.00199984,JPY,29158.9251,29158.9251,14580629,,,,,関東財務局長 第00014号,コインチェック株式会社,Trade ID: 29581892622
2025/2/12 3:39,購入,媒介,BTC/JPY,BTC,0.00200017,JPY,29342.95794,29342.95794,14670232,,,,,関東財務局長 第00014号,コインチェック株式会社,Trade ID: 29617885966
2025/2/13 7:11,売却,媒介,BTC/JPY,JPY,60255.28,BTC,0.004,60255.28,15063820,,,,,関東財務局長 第00014号,コインチェック株式会社,Trade ID: 32081895104
2025/2/19 4:47,購入,媒介,BTC/JPY,BTC,0.00199911,JPY,28660.9442,28660.9442,14336852,,,,,関東財務局長 第00014号,コインチェック株式会社,Trade ID: 29736829332
2025/2/19 4:51,購入,媒介,BTC/JPY,BTC,0.0019996,JPY,28687.95726,28687.95726,14346848,,,,,関東財務局長 第00014号,コインチェック株式会社,Trade ID: 29736892027
2025/2/21 9:03,売却,媒介,IOST/JPY,JPY,2857.2049,IOST,3643,2857.2049,0.7843,JPY,1.42860245,,,関東財務局長 第00014号,コインチェック株式会社,Trade ID: 32375987410
2025/2/21 9:05,売却,媒介,IOST/JPY,JPY,335.6804,IOST,428,335.6804,0.7843,JPY,0.1678402,,,関東財務局長 第00014号,コインチェック株式会社,Trade ID: 32375987411
2025/2/21 9:10,売却,媒介,IOST/JPY,JPY,784.3,IOST,1000,784.3,0.7843,JPY,0.39215,,,関東財務局長 第00014号,コインチェック株式会社,Trade ID: 32375987412
2025/2/21 10:13,売却,媒介,IOST/JPY,JPY,1290.1735,IOST,1645,1290.1735,0.7843,JPY,0.64508675,,,関東財務局長 第00014号,コインチェック株式会社,Trade ID: 32375987413
2025/2/21 10:15,売却,媒介,IOST/JPY,JPY,3194.4539,IOST,4073,3194.4539,0.7843,JPY,1.59722695,,,関東財務局長 第00014号,コインチェック株式会社,Trade ID: 32375987414
2025/2/21 10:15,売却,媒介,IOST/JPY,JPY,3194.4539,IOST,4073,3194.4539,0.7843,JPY,1.59722695,,,関東財務局長 第00014号,コインチェック株式会社,Trade ID: 32375987415
2025/2/21 12:33,売却,媒介,IOST/JPY,JPY,445.0694516,IOST,567.4734816,445.0694516,0.7843,JPY,0.22253473,,,関東財務局長 第00014号,コインチェック株式会社,Trade ID: 32375987416
2025/2/21 13:33,売却,媒介,IOST/JPY,JPY,1988.9848,IOST,2536,1988.9848,0.7843,JPY,0.9944924,,,関東財務局長 第00014号,コインチェック株式会社,Trade ID: 32375987417
2025/2/21 14:13,売却,媒介,IOST/JPY,JPY,1595.679148,IOST,2034.526518,1595.679148,0.7843,JPY,0.79783957,,,関東財務局長 第00014号,コインチェック株式会社,Trade ID: 32375987418
2025/2/25 6:23,購入,媒介,BTC/JPY,BTC,0.00199979,JPY,28201.89249,28201.89249,14102427,,,,,関東財務局長 第00014号,コインチェック株式会社,Trade ID: 29835102245
2025/2/25 6:55,購入,媒介,IOST/JPY,IOST,8235,JPY,5800.734,5800.734,0.7044,JPY,2.900367,,,関東財務局長 第00014号,コインチェック株式会社,Trade ID: 33578718492
2025/2/25 6:55,購入,媒介,IOST/JPY,IOST,1765,JPY,1243.266,1243.266,0.7044,JPY,0.621633,,,関東財務局長 第00014号,コインチェック株式会社,Trade ID: 33578718493
2025/3/4 17:15,購入,媒介,IOST/JPY,IOST,741,JPY,466.089,466.089,0.629,JPY,0.2330445,,,関東財務局長 第00014号,コインチェック株式会社,Trade ID: 33578718494
2025/3/4 17:15,購入,媒介,IOST/JPY,IOST,4259,JPY,2678.911,2678.911,0.629,JPY,1.3394555,,,関東財務局長 第00014号,コインチェック株式会社,Trade ID: 33578718495
2025/3/5 10:20,売却,媒介,IOST/JPY,JPY,3390,IOST,5000,3390,0.678,JPY,1.695,,,関東財務局長 第00014号,コインチェック株式会社,Trade ID: 32375987425
2025/3/5 13:13,購入,媒介,IOST/JPY,IOST,1249,JPY,804.6058,804.6058,0.6442,JPY,0.4023029,,,関東財務局長 第00014号,コインチェック株式会社,Trade ID: 33578718497
2025/3/5 13:15,購入,媒介,IOST/JPY,IOST,3751,JPY,2416.3942,2416.3942,0.6442,JPY,1.2081971,,,関東財務局長 第00014号,コインチェック株式会社,Trade ID: 33578718498
2025/3/12 12:49,受取,,,ETH,0.00000185,,,,,,,,,関東財務局長 第00014号,コインチェック株式会社,ステーキング報酬
2025/3/12 21:11,売却,媒介,IOST/JPY,JPY,803.5736,IOST,1093,803.5736,0.7352,JPY,0.4017868,,,関東財務局長 第00014号,コインチェック株式会社,Trade ID: 32375987428
2025/3/12 21:13,売却,媒介,IOST/JPY,JPY,2872.4264,IOST,3907,2872.4264,0.7352,JPY,1.4362132,,,関東財務局長 第00014号,コインチェック株式会社,Trade ID: 32375987429
2025/4/2 12:51,受取,,,ETH,0.00001239,,,,,,,,,関東財務局長 第00014号,コインチェック株式会社,ステーキング報酬
2025/4/14 6:39,購入,媒介,IOST/JPY,IOST,776,JPY,392.656,392.656,0.506,JPY,0.196328,,,関東財務局長 第00014号,コインチェック株式会社,Trade ID: 34276820990
2025/4/14 6:39,購入,媒介,IOST/JPY,IOST,3200,JPY,1619.2,1619.2,0.506,JPY,0.8096,,,関東財務局長 第00014号,コインチェック株式会社,Trade ID: 34276820991
2025/4/14 6:40,購入,媒介,IOST/JPY,IOST,3200,JPY,1619.2,1619.2,0.506,JPY,0.8096,,,関東財務局長 第00014号,コインチェック株式会社,Trade ID: 34276820992
2025/4/14 6:42,購入,媒介,IOST/JPY,IOST,824,JPY,416.944,416.944,0.506,JPY,0.208472,,,関東財務局長 第00014号,コインチェック株式会社,Trade ID: 34276820993
2025/4/17 21:29,売却,媒介,IOST/JPY,JPY,1715.920016,IOST,3215.742159,1715.920016,0.5336,JPY,0.85796001,,,関東財務局長 第00014号,コインチェック株式会社,Trade ID: 32636460554
2025/4/17 21:29,売却,媒介,IOST/JPY,JPY,2552.879984,IOST,4784.257841,2552.879984,0.5336,JPY,1.27643999,,,関東財務局長 第00014号,コインチェック株式会社,Trade ID: 32636460555
2025/4/26 20:44,購入,媒介,IOST/JPY,IOST,8000,JPY,4646.4,4646.4,0.5808,JPY,2.3232,,,関東財務局長 第00014号,コインチェック株式会社,Trade ID: 34276820995
2025/4/27 9:04,売却,媒介,IOST/JPY,JPY,3758.177,IOST,6166,3758.177,0.6095,JPY,1.8790885,,,関東財務局長 第00014号,コインチェック株式会社,Trade ID: 32636460558
2025/4/27 9:10,売却,媒介,IOST/JPY,JPY,1117.823,IOST,1834,1117.823,0.6095,JPY,0.5589115,,,関東財務局長 第00014号,コインチェック株式会社,Trade ID: 32636460559
2025/4/27 11:06,購入,媒介,IOST/JPY,IOST,3200,JPY,1884.48,1884.48,0.5889,JPY,0.94224,,,関東財務局長 第00014号,コインチェック株式会社,Trade ID: 34276820997
2025/4/27 11:06,購入,媒介,IOST/JPY,IOST,3200,JPY,1884.48,1884.48,0.5889,JPY,0.94224,,,関東財務局長 第00014号,コインチェック株式会社,Trade ID: 34276820998
2025/4/27 13:53,購入,媒介,IOST/JPY,IOST,41,JPY,24.1449,24.1449,0.5889,JPY,0.01207245,,,関東財務局長 第00014号,コインチェック株式会社,Trade ID: 34276820999
2025/4/27 14:22,購入,媒介,IOST/JPY,IOST,1559,JPY,918.0951,918.0951,0.5889,JPY,0.45904755,,,関東財務局長 第00014号,コインチェック株式会社,Trade ID: 34276821000
2025/4/30 12:30,受取,,,ETH,0.00002254,,,,,,,,,関東財務局長 第00014号,コインチェック株式会社,ステーキング報酬
2025/5/8 14:27,売却,媒介,BTC/JPY,JPY,28479.17,BTC,0.002,28479.17,14239585,,,,,関東財務局長 第00014号,コインチェック株式会社,Trade ID: 32636460562
2025/5/9 2:43,売却,媒介,BTC/JPY,JPY,74823.73485,BTC,0.00507098,74823.73485,14755281,,,,,関東財務局長 第00014号,コインチェック株式会社,Trade ID: 32636460563
2025/5/9 2:43,売却,媒介,BTC/JPY,JPY,13707.55539,BTC,0.00092902,13707.55539,14754855,,,,,関東財務局長 第00014号,コインチェック株式会社,Trade ID: 32636460564
2025/5/9 19:15,売却,媒介,IOST/JPY,JPY,4760.44,IOST,7804,4760.44,0.61,JPY,2.38022,,,関東財務局長 第00014号,コインチェック株式会社,Trade ID: 32636460565
2025/5/9 19:15,売却,媒介,IOST/JPY,JPY,119.56,IOST,196,119.56,0.61,JPY,0.05978,,,関東財務局長 第00014号,コインチェック株式会社,Trade ID: 32636460566
2025/5/10 10:11,売却,媒介,IOST/JPY,JPY,3582.5,IOST,5000,3582.5,0.7165,JPY,1.79125,,,関東財務局長 第00014号,コインチェック株式会社,Trade ID: 32636460567
2025/5/10 10:15,売却,媒介,IOST/JPY,JPY,4761.6336,IOST,5296,4761.6336,0.8991,JPY,2.3808168,,,関東財務局長 第00014号,コインチェック株式会社,Trade ID: 32636460568
2025/5/10 10:15,売却,媒介,IOST/JPY,JPY,13220.3664,IOST,14704,13220.3664,0.8991,JPY,6.6101832,,,関東財務局長 第00014号,コインチェック株式会社,Trade ID: 32636460569
2025/5/13 11:21,購入,媒介,IOST/JPY,IOST,10000,JPY,6185,6185,0.6185,JPY,3.0925,,,関東財務局長 第00014号,コインチェック株式会社,Trade ID: 34276821004
2025/5/15 23:34,購入,媒介,IOST/JPY,IOST,2169,JPY,1253.682,1253.682,0.578,JPY,0.626841,,,関東財務局長 第00014号,コインチェック株式会社,Trade ID: 34276821005
2025/5/15 23:35,購入,媒介,IOST/JPY,IOST,3200,JPY,1849.6,1849.6,0.578,JPY,0.9248,,,関東財務局長 第00014号,コインチェック株式会社,Trade ID: 34276821006
2025/5/15 23:35,購入,媒介,IOST/JPY,IOST,3200,JPY,1849.6,1849.6,0.578,JPY,0.9248,,,関東財務局長 第00014号,コインチェック株式会社,Trade ID: 34276821007
2025/5/15 23:42,購入,媒介,IOST/JPY,IOST,1431,JPY,827.118,827.118,0.578,JPY,0.413559,,,関東財務局長 第00014号,コインチェック株式会社,Trade ID: 34276821008
2025/5/23 23:53,購入,媒介,BTC/JPY,BTC,0.00199866,JPY,31466.85507,31466.85507,15743976,,,,,関東財務局長 第00014号,コインチェック株式会社,Trade ID: 31380199762
2025/5/24 11:19,購入,媒介,BTC/JPY,BTC,0.00200036,JPY,30836.89364,30836.89364,15415672,,,,,関東財務局長 第00014号,コインチェック株式会社,Trade ID: 31388710565
2025/5/28 12:58,受取,,,ETH,0.00003195,,,,,,,,,関東財務局長 第00014号,コインチェック株式会社,ステーキング報酬
2025/5/30 6:04,購入,媒介,BTC/JPY,BTC,0.0019997,JPY,30749.89482,30749.89482,15377254,,,,,関東財務局長 第00014号,コインチェック株式会社,Trade ID: 31475676811
2025/5/30 6:08,購入,媒介,BTC/JPY,BTC,0.00199905,JPY,30729.98032,30729.98032,15372292,,,,,関東財務局長 第00014号,コインチェック株式会社,Trade ID: 31475707629
2025/6/1 15:10,購入,媒介,IOST/JPY,IOST,10000,JPY,5026,5026,0.5026,JPY,2.513,,,関東財務局長 第00014号,コインチェック株式会社,Trade ID: 34276821009
2025/6/3 21:01,売却,媒介,IOST/JPY,JPY,3760.8714,IOST,6921,3760.8714,0.5434,JPY,1.8804357,,,関東財務局長 第00014号,コインチェック株式会社,Trade ID: 33226816710
2025/6/3 21:01,売却,媒介,IOST/JPY,JPY,1673.1286,IOST,3079,1673.1286,0.5434,JPY,0.8365643,,,関東財務局長 第00014号,コインチェック株式会社,Trade ID: 33226816711
2025/6/11 2:04,売却,媒介,IOST/JPY,JPY,3111.5,IOST,5000,3111.5,0.6223,JPY,1.55575,,,関東財務局長 第00014号,コインチェック株式会社,Trade ID: 33226816712
2025/6/11 5:32,売却,媒介,IOST/JPY,JPY,476.0595,IOST,765,476.0595,0.6223,JPY,0.23802975,,,関東財務局長 第00014号,コインチェック株式会社,Trade ID: 33226816713
2025/6/11 5:51,売却,媒介,IOST/JPY,JPY,2635.4405,IOST,4235,2635.4405,0.6223,JPY,1.31772025,,,関東財務局長 第00014号,コインチェック株式会社,Trade ID: 33226816714
2025/6/11 16:05,売却,媒介,IOST/JPY,JPY,6200,IOST,10000,6200,0.62,JPY,3.1,,,関東財務局長 第00014号,コインチェック株式会社,Trade ID: 33226816715
2025/6/13 8:36,購入,媒介,IOST/JPY,IOST,10000,JPY,5424,5424,0.5424,JPY,2.712,,,関東財務局長 第00014号,コインチェック株式会社,Trade ID: 31673702436
2025/6/18 16:47,購入,媒介,IOST/JPY,IOST,16000,JPY,7790.4,7790.4,0.4869,JPY,3.8952,,,関東財務局長 第00014号,コインチェック株式会社,Trade ID: 31750677298
2025/6/18 16:47,購入,媒介,IOST/JPY,IOST,3200,JPY,1558.08,1558.08,0.4869,JPY,0.77904,,,関東財務局長 第00014号,コインチェック株式会社,Trade ID: 31750677812
2025/6/18 16:52,購入,媒介,IOST/JPY,IOST,800,JPY,389.52,389.52,0.4869,JPY,0.19476,,,関東財務局長 第00014号,コインチェック株式会社,Trade ID: 31750724430
2025/6/18 23:01,売却,媒介,IOST/JPY,JPY,10608,IOST,20000,10608,0.5304,JPY,5.304,,,関東財務局長 第00014号,コインチェック株式会社,Trade ID: 33319865448
2025/6/19 14:29,購入,媒介,IOST/JPY,IOST,16000,JPY,7656,7656,0.4785,JPY,3.828,,,関東財務局長 第00014号,コインチェック株式会社,Trade ID: 31765174633
2025/6/19 14:29,購入,媒介,IOST/JPY,IOST,3200,JPY,1531.2,1531.2,0.4785,JPY,0.7656,,,関東財務局長 第00014号,コインチェック株式会社,Trade ID: 31765175016
2025/6/19 15:13,購入,媒介,IOST/JPY,IOST,800,JPY,382.8,382.8,0.4785,JPY,0.1914,,,関東財務局長 第00014号,コインチェック株式会社,Trade ID: 31765576153
2025/6/22 16:28,購入,媒介,IOST/JPY,IOST,10000,JPY,4558,4558,0.4558,JPY,2.279,,,関東財務局長 第00014号,コインチェック株式会社,Trade ID: 31808179056
2025/6/22 23:25,購入,媒介,IOST/JPY,IOST,3200,JPY,1372.16,1372.16,0.4288,JPY,0.68608,,,関東財務局長 第00014号,コインチェック株式会社,Trade ID: 31812998545
2025/6/22 23:25,購入,媒介,IOST/JPY,IOST,800,JPY,343.04,343.04,0.4288,JPY,0.17152,,,関東財務局長 第00014号,コインチェック株式会社,Trade ID: 31812999810
2025/6/25 13:11,受取,,,ETH,0.00005915,,,,,,,,,関東財務局長 第00014号,コインチェック株式会社,ステーキング報酬
2025/7/9 5:50,売却,媒介,BTC/JPY,JPY,31853.832,BTC,0.002,31853.832,15926916,,,,,関東財務局長 第00014号,コインチェック株式会社,Trade ID: 33319865455
2025/7/9 10:10,売却,媒介,BTC/JPY,JPY,96086.31117,BTC,0.00599779,96086.31117,16020286,,,,,関東財務局長 第00014号,コインチェック株式会社,Trade ID: 33319865456
2025/7/9 11:29,受取,,,ETH,0.00000079,,,,,,,,,関東財務局長 第00014号,コインチェック株式会社,ステーキング報酬
2025/7/9 18:56,売却,媒介,IOST/JPY,JPY,3828.552,IOST,7280,3828.552,0.5259,JPY,1.914276,,,関東財務局長 第00014号,コインチェック株式会社,Trade ID: 33319865457
2025/7/9 18:56,売却,媒介,IOST/JPY,JPY,2996.5782,IOST,5698,2996.5782,0.5259,JPY,1.4982891,,,関東財務局長 第00014号,コインチェック株式会社,Trade ID: 33319865458
2025/7/9 18:56,売却,媒介,IOST/JPY,JPY,11055.4698,IOST,21022,11055.4698,0.5259,JPY,5.5277349,,,関東財務局長 第00014号,コインチェック株式会社,Trade ID: 33319865459
2025/7/10 8:09,受取,,,ETH,0.00000531,,,,,,,,,関東財務局長 第00014号,コインチェック株式会社,ステーキング報酬
2025/7/12 4:10,売却,媒介,IOST/JPY,JPY,2837.8984,IOST,4828,2837.8984,0.5878,JPY,2.8378984,,,関東財務局長 第00014号,コインチェック株式会社,Trade ID: 33319865460
2025/7/12 4:38,売却,媒介,IOST/JPY,JPY,952.236,IOST,1620,952.236,0.5878,JPY,0.476118,,,関東財務局長 第00014号,コインチェック株式会社,Trade ID: 33319865461
2025/7/12 4:53,売却,媒介,IOST/JPY,JPY,587.8,IOST,1000,587.8,0.5878,JPY,0.2939,,,関東財務局長 第00014号,コインチェック株式会社,Trade ID: 33319865462
2025/7/12 5:02,売却,媒介,IOST/JPY,JPY,1500.0656,IOST,2552,1500.0656,0.5878,JPY,0.7500328,,,関東財務局長 第00014号,コインチェック株式会社,Trade ID: 33319865463
2025/7/14 20:28,売却,媒介,ETH/JPY,JPY,21337.27416,ETH,0.04734,21337.27416,450724,,,,,関東財務局長 第00014号,コインチェック株式会社,Trade ID: 33319865464
2025/7/16 10:02,受取,,,ETH,0.00000966,,,,,,,,,関東財務局長 第00014号,コインチェック株式会社,ステーキング報酬
2025/7/17 13:49,受取,,,ETH,0.00001369,,,,,,,,,関東財務局長 第00014号,コインチェック株式会社,ステーキング報酬
2025/7/20 21:48,売却,媒介,IOST/JPY,JPY,6190,IOST,10000,6190,0.619,JPY,3.095,,,関東財務局長 第00014号,コインチェック株式会社,Trade ID: 33319865465
2025/7/21 0:52,売却,媒介,IOST/JPY,JPY,6508,IOST,10000,6508,0.6508,JPY,3.254,,,関東財務局長 第00014号,コインチェック株式会社,Trade ID: 33319865466
2025/7/21 1:36,売却,媒介,IOST/JPY,JPY,14096,IOST,20000,14096,0.7048,JPY,7.048,,,関東財務局長 第00014号,コインチェック株式会社,Trade ID: 33319865467
2025/7/23 16:07,受取,,,ETH,0.00004197,,,,,,,,,関東財務局長 第00014号,コインチェック株式会社,ステーキング報酬
2025/7/23 22:56,購入,媒介,IOST/JPY,IOST,3200,JPY,1917.12,1917.12,0.5991,JPY,0.95856,,,関東財務局長 第00014号,コインチェック株式会社,Trade ID: 32264208050
2025/7/23 22:56,購入,媒介,IOST/JPY,IOST,3200,JPY,1917.12,1917.12,0.5991,JPY,0.95856,,,関東財務局長 第00014号,コインチェック株式会社,Trade ID: 32264208907
2025/7/23 22:56,購入,媒介,IOST/JPY,IOST,3200,JPY,1917.12,1917.12,0.5991,JPY,0.95856,,,関東財務局長 第00014号,コインチェック株式会社,Trade ID: 32264209624
2025/7/24 1:46,購入,媒介,IOST/JPY,IOST,400,JPY,239.64,239.64,0.5991,JPY,0.11982,,,関東財務局長 第00014号,コインチェック株式会社,Trade ID: 32266531932
2025/7/30 20:22,購入,媒介,IOST/JPY,IOST,10000,JPY,5700,5700,0.57,JPY,2.85,,,関東財務局長 第00014号,コインチェック株式会社,Trade ID: 32371890077
2025/7/31 4:26,購入,媒介,BTC/JPY,BTC,0.00199978,JPY,34803.97714,34803.97714,17403903,,,,,関東財務局長 第00014号,コインチェック株式会社,Trade ID: 32377757210
2025/8/2 8:10,購入,媒介,BTC/JPY,BTC,0.00199918,JPY,33463.87818,33463.87818,16738802,,,,,関東財務局長 第00014号,コインチェック株式会社,Trade ID: 32411662023
2025/8/2 8:14,購入,媒介,BTC/JPY,BTC,0.00199957,JPY,33494.87105,33494.87105,16751037,,,,,関東財務局長 第00014号,コインチェック株式会社,Trade ID: 32411709363
2025/8/2 8:18,購入,媒介,BTC/JPY,BTC,0.00199948,JPY,33507.92367,33507.92367,16758319,,,,,関東財務局長 第00014号,コインチェック株式会社,Trade ID: 32411756208
2025/8/2 8:22,購入,媒介,BTC/JPY,BTC,0.00200036,JPY,33524.85539,33524.85539,16759411,,,,,関東財務局長 第00014号,コインチェック株式会社,Trade ID: 32411799897
2025/8/6 3:15,購入,媒介,IOST/JPY,IOST,10000,JPY,5273,5273,0.5273,JPY,2.6365,,,関東財務局長 第00014号,コインチェック株式会社,Trade ID: 32466071595
2025/8/7 21:22,売却,媒介,BTC/JPY,JPY,34298.82,BTC,0.002,34298.82,17149410,,,,,関東財務局長 第00014号,コインチェック株式会社,Trade ID: 33490484487
2025/8/8 19:26,売却,媒介,IOST/JPY,JPY,4761.8168,IOST,8639,4761.8168,0.5512,JPY,2.3809084,,,関東財務局長 第00014号,コインチェック株式会社,Trade ID: 33490484488
2025/8/8 19:28,売却,媒介,IOST/JPY,JPY,750.1832,IOST,1361,750.1832,0.5512,JPY,0.3750916,,,関東財務局長 第00014号,コインチェック株式会社,Trade ID: 33490484489
2025/8/9 19:43,売却,媒介,BTC/JPY,JPY,34689.296,BTC,0.002,34689.296,17344648,,,,,関東財務局長 第00014号,コインチェック株式会社,Trade ID: 33490484490
2025/8/11 12:35,売却,媒介,BTC/JPY,JPY,35800.962,BTC,0.002,35800.962,17900481,,,,,関東財務局長 第00014号,コインチェック株式会社,Trade ID: 33638289191
2025/8/11 12:39,売却,媒介,BTC/JPY,JPY,35774.274,BTC,0.002,35774.274,17887137,,,,,関東財務局長 第00014号,コインチェック株式会社,Trade ID: 33638289192
2025/8/11 17:19,購入,媒介,BTC/JPY,BTC,0.00199998,JPY,35770.95829,35770.95829,17885658,,,,,関東財務局長 第00014号,コインチェック株式会社,Trade ID: 32547037292
2025/8/11 17:37,売却,媒介,BTC/JPY,JPY,71614.091,BTC,0.00399835,71614.091,17910911,,,,,関東財務局長 第00014号,コインチェック株式会社,Trade ID: 33638289195
2025/8/16 1:36,購入,媒介,BTC/JPY,BTC,0.00200044,JPY,34571.94415,34571.94415,17282170,,,,,関東財務局長 第00014号,コインチェック株式会社,Trade ID: 32618860381
2025/8/16 1:40,購入,媒介,BTC/JPY,BTC,0.00200032,JPY,34579.9119,34579.9119,17287190,,,,,関東財務局長 第00014号,コインチェック株式会社,Trade ID: 32618910038
2025/8/16 1:44,購入,媒介,BTC/JPY,BTC,0.0019998,JPY,34559.93766,34559.93766,17281697,,,,,関東財務局長 第00014号,コインチェック株式会社,Trade ID: 32618961022
2025/8/16 5:04,購入,媒介,IOST/JPY,IOST,3200,JPY,1650.24,1650.24,0.5157,JPY,0.82512,,,関東財務局長 第00014号,コインチェック株式会社,Trade ID: 32621254433
2025/8/16 5:04,購入,媒介,IOST/JPY,IOST,3200,JPY,1650.24,1650.24,0.5157,JPY,0.82512,,,関東財務局長 第00014号,コインチェック株式会社,Trade ID: 32621255048
2025/8/16 5:05,購入,媒介,IOST/JPY,IOST,3200,JPY,1650.24,1650.24,0.5157,JPY,0.82512,,,関東財務局長 第00014号,コインチェック株式会社,Trade ID: 32621255474
2025/8/16 5:42,購入,媒介,IOST/JPY,IOST,400,JPY,206.28,206.28,0.5157,JPY,0.10314,,,関東財務局長 第00014号,コインチェック株式会社,Trade ID: 32621627388
2025/8/20 13:03,受取,,,ETH,0.00000008,,,,,,,,,関東財務局長 第00014号,コインチェック株式会社,ステーキング報酬
2025/8/23 1:55,売却,媒介,BTC/JPY,JPY,85344.05,BTC,0.005,85344.05,17068810,,,,,関東財務局長 第00014号,コインチェック株式会社,Trade ID: 33638289204
2025/8/23 1:55,売却,媒介,BTC/JPY,JPY,17076.89271,BTC,0.00100056,17076.89271,17067335,,,,,関東財務局長 第00014号,コインチェック株式会社,Trade ID: 33638289205
2025/8/25 13:22,売却,媒介,IOST/JPY,JPY,5504,IOST,10000,5504,0.5504,JPY,2.752,,,関東財務局長 第00014号,コインチェック株式会社,Trade ID: 33638289206
2025/8/25 17:47,売却,媒介,IOST/JPY,JPY,12412.8,IOST,20688,12412.8,0.6,JPY,6.2064,,,関東財務局長 第00014号,コインチェック株式会社,Trade ID: 33638289207
2025/8/25 18:50,購入,媒介,BTC/JPY,BTC,0.00200059,JPY,32968.98898,32968.98898,16479633,,,,,関東財務局長 第00014号,コインチェック株式会社,Trade ID: 32768052698
2025/8/26 9:10,購入,媒介,IOST/JPY,IOST,10000,JPY,5490,5490,0.549,JPY,2.745,,,関東財務局長 第00014号,コインチェック株式会社,Trade ID: 32780202334
2025/8/27 5:46,売却,媒介,BTC/JPY,JPY,32829.55586,BTC,0.00200059,32829.55586,16409937,,,,,関東財務局長 第00014号,コインチェック株式会社,Trade ID: 34262636121
2025/8/27 12:18,購入,媒介,IOST/JPY,IOST,10000,JPY,5195,5195,0.5195,JPY,2.5975,,,関東財務局長 第00014号,コインチェック株式会社,Trade ID: 32800237520
2025/9/1 23:23,購入,媒介,IOST/JPY,IOST,5386,JPY,2576.6624,2576.6624,0.4784,JPY,1.2883312,,,関東財務局長 第00014号,コインチェック株式会社,Trade ID: 32884361110
2025/9/1 23:23,購入,媒介,IOST/JPY,IOST,34614,JPY,16559.3376,16559.3376,0.4784,JPY,8.2796688,,,関東財務局長 第00014号,コインチェック株式会社,Trade ID: 32884361424
2025/9/17 15:55,受取,,,ETH,0.00000009,,,,,,,,,関東財務局長 第00014号,コインチェック株式会社,ステーキング報酬
2025/9/22 15:52,購入,媒介,IOST/JPY,IOST,40000,JPY,18792,18792,0.4698,JPY,9.396,,,関東財務局長 第00014号,コインチェック株式会社,Trade ID: 33169200083
2025/9/23 9:07,購入,媒介,BTC/JPY,BTC,0.00199991,JPY,33398.92898,33398.92898,16700216,,,,,関東財務局長 第00014号,コインチェック株式会社,Trade ID: 33180055055
2025/9/26 3:26,購入,媒介,BTC/JPY,BTC,0.00199968,JPY,32966.95044,32966.95044,16486113,,,,,関東財務局長 第00014号,コインチェック株式会社,Trade ID: 33221338322
2025/9/26 7:02,購入,媒介,BTC/JPY,BTC,0.0019995,JPY,32872.94171,32872.94171,16440581,,,,,関東財務局長 第00014号,コインチェック株式会社,Trade ID: 33223798745
2025/9/30 11:18,売却,媒介,BTC/JPY,JPY,34111.036,BTC,0.002,34111.036,17055518,,,,,関東財務局長 第00014号,コインチェック株式会社,Trade ID: 34262636134
2025/10/2 2:06,売却,媒介,BTC/JPY,JPY,34618.15,BTC,0.002,34618.15,17309075,,,,,関東財務局長 第00014号,コインチェック株式会社,Trade ID: 34262636135
2025/10/2 7:05,売却,媒介,BTC/JPY,JPY,34498.80517,BTC,0.00199,34498.80517,17336083,,,,,関東財務局長 第00014号,コインチェック株式会社,Trade ID: 34262636136
2025/10/6 13:44,購入,媒介,BTC/JPY,BTC,0.00199979,JPY,37231.86424,37231.86424,18617887,,,,,関東財務局長 第00014号,コインチェック株式会社,Trade ID: 33359833788
2025/10/7 6:03,売却,媒介,BTC/JPY,JPY,37648.008,BTC,0.002,37648.008,18824004,,,,,関東財務局長 第00014号,コインチェック株式会社,Trade ID: 34262636139
2025/10/8 1:47,購入,媒介,BTC/JPY,BTC,0.0019996,JPY,36986.99912,36986.99912,18497199,,,,,関東財務局長 第00014号,コインチェック株式会社,Trade ID: 33381033750
2025/10/11 7:48,購入,媒介,BTC/JPY,BTC,0.00199891,JPY,35004.99188,35004.99188,17512040,,,,,関東財務局長 第00014号,コインチェック株式会社,Trade ID: 33430806382
2025/10/11 7:52,購入,媒介,BTC/JPY,BTC,0.00199971,JPY,34963.9115,34963.9115,17484491,,,,,関東財務局長 第00014号,コインチェック株式会社,Trade ID: 33430869742
2025/10/11 7:56,購入,媒介,BTC/JPY,BTC,0.00199936,JPY,34928.91517,34928.91517,17470048,,,,,関東財務局長 第00014号,コインチェック株式会社,Trade ID: 33430935601
2025/10/11 12:07,購入,媒介,IOST/JPY,IOST,29833,JPY,10811.4792,10811.4792,0.3624,JPY,5.4057396,,,関東財務局長 第00014号,コインチェック株式会社,Trade ID: 33434282749
2025/10/11 12:07,購入,媒介,IOST/JPY,IOST,10167,JPY,3684.5208,3684.5208,0.3624,JPY,1.8422604,,,関東財務局長 第00014号,コインチェック株式会社,Trade ID: 33434284806
2025/10/11 12:39,売却,媒介,IOST/JPY,JPY,4761.75,IOST,12698,4761.75,0.375,JPY,2.380875,,,関東財務局長 第00014号,コインチェック株式会社,Trade ID: 33434660835
2025/10/11 12:39,売却,媒介,IOST/JPY,JPY,4761.75,IOST,12698,4761.75,0.375,JPY,2.380875,,,関東財務局長 第00014号,コインチェック株式会社,Trade ID: 33434663322
2025/10/11 12:39,売却,媒介,IOST/JPY,JPY,952.125,IOST,2539,952.125,0.375,JPY,0.4760625,,,関東財務局長 第00014号,コインチェック株式会社,Trade ID: 33434665085
2025/10/11 12:39,売却,媒介,IOST/JPY,JPY,4524.375,IOST,12065,4524.375,0.375,JPY,2.2621875,,,関東財務局長 第00014号,コインチェック株式会社,Trade ID: 33434665928
2025/10/12 3:40,購入,媒介,IOST/JPY,IOST,40000,JPY,14392,14392,0.3598,JPY,7.196,,,関東財務局長 第00014号,コインチェック株式会社,Trade ID: 33444174984
2025/10/12 17:25,購入,媒介,IOST/JPY,IOST,10000,JPY,3601,3601,0.3601,JPY,1.8005,,,関東財務局長 第00014号,コインチェック株式会社,Trade ID: 33453238814
2025/10/13 2:05,売却,媒介,IOST/JPY,JPY,18840,IOST,50000,18840,0.3768,JPY,9.42,,,関東財務局長 第00014号,コインチェック株式会社,Trade ID: 33458691051
2025/10/15 16:03,受取,,,ETH,0.00000008,,,,,,,,,関東財務局長 第00014号,コインチェック株式会社,ステーキング報酬
2025/10/17 5:33,購入,媒介,IOST/JPY,IOST,16000,JPY,5760,5760,0.36,JPY,2.88,,,関東財務局長 第00014号,コインチェック株式会社,Trade ID: 33532083085
2025/10/17 5:33,購入,媒介,IOST/JPY,IOST,16000,JPY,5760,5760,0.36,JPY,2.88,,,関東財務局長 第00014号,コインチェック株式会社,Trade ID: 33532083857
2025/10/17 5:33,購入,媒介,IOST/JPY,IOST,3200,JPY,1152,1152,0.36,JPY,0.576,,,関東財務局長 第00014号,コインチェック株式会社,Trade ID: 33532084594
2025/10/17 5:33,購入,媒介,IOST/JPY,IOST,3200,JPY,1152,1152,0.36,JPY,0.576,,,関東財務局長 第00014号,コインチェック株式会社,Trade ID: 33532085535
2025/10/17 6:21,購入,媒介,IOST/JPY,IOST,1600,JPY,576,576,0.36,JPY,0.288,,,関東財務局長 第00014号,コインチェック株式会社,Trade ID: 33532697002
2025/10/17 21:58,購入,媒介,IOST/JPY,IOST,10000,JPY,3521,3521,0.3521,JPY,1.7605,,,関東財務局長 第00014号,コインチェック株式会社,Trade ID: 33544699506
2025/10/17 22:20,購入,媒介,IOST/JPY,IOST,10000,JPY,3498,3498,0.3498,JPY,1.749,,,関東財務局長 第00014号,コインチェック株式会社,Trade ID: 33544984498
2025/10/19 18:53,売却,媒介,BTC/JPY,JPY,129969.85,BTC,0.00800646,129969.85,16233123,,,,,関東財務局長 第00014号,コインチェック株式会社,Trade ID: 33570048518
2025/10/21 16:35,購入,媒介,BTC/JPY,BTC,0.00199972,JPY,32758.9851,32758.9851,16381786,,,,,関東財務局長 第00014号,コインチェック株式会社,Trade ID: 33597642995
2025/10/22 0:31,売却,媒介,IOST/JPY,JPY,6097.896,IOST,15984,6097.896,0.3815,JPY,3.048948,,,関東財務局長 第00014号,コインチェック株式会社,Trade ID: 33603194087
2025/10/22 0:31,売却,媒介,IOST/JPY,JPY,6097.896,IOST,15984,6097.896,0.3815,JPY,3.048948,,,関東財務局長 第00014号,コインチェック株式会社,Trade ID: 33603194871
2025/10/22 0:31,売却,媒介,IOST/JPY,JPY,6097.896,IOST,15984,6097.896,0.3815,JPY,3.048948,,,関東財務局長 第00014号,コインチェック株式会社,Trade ID: 33603195790
2025/10/22 1:04,売却,媒介,IOST/JPY,JPY,781.312,IOST,2048,781.312,0.3815,JPY,0.390656,,,関東財務局長 第00014号,コインチェック株式会社,Trade ID: 33603631870
2025/10/23 3:19,購入,媒介,IOST/JPY,IOST,16000,JPY,5731.2,5731.2,0.3582,JPY,2.8656,,,関東財務局長 第00014号,コインチェック株式会社,Trade ID: 33622045226
2025/10/23 3:19,購入,媒介,IOST/JPY,IOST,16000,JPY,5731.2,5731.2,0.3582,JPY,2.8656,,,関東財務局長 第00014号,コインチェック株式会社,Trade ID: 33622045817
2025/10/23 3:19,購入,媒介,IOST/JPY,IOST,3200,JPY,1146.24,1146.24,0.3582,JPY,0.57312,,,関東財務局長 第00014号,コインチェック株式会社,Trade ID: 33622046550
2025/10/23 3:20,購入,媒介,IOST/JPY,IOST,3200,JPY,1146.24,1146.24,0.3582,JPY,0.57312,,,関東財務局長 第00014号,コインチェック株式会社,Trade ID: 33622047169
2025/10/23 4:57,購入,媒介,IOST/JPY,IOST,1600,JPY,573.12,573.12,0.3582,JPY,0.28656,,,関東財務局長 第00014号,コインチェック株式会社,Trade ID: 33623209088
2025/10/23 6:47,購入,媒介,BTC/JPY,BTC,0.00199936,JPY,32594.85431,32594.85431,16302644,,,,,関東財務局長 第00014号,コインチェック株式会社,Trade ID: 33624483547
2025/10/23 6:51,購入,媒介,BTC/JPY,BTC,0.00199953,JPY,32596.90193,32596.90193,16302282,,,,,関東財務局長 第00014号,コインチェック株式会社,Trade ID: 33624523837
2025/10/23 6:55,購入,媒介,BTC/JPY,BTC,0.00199909,JPY,32634.84838,32634.84838,16324852,,,,,関東財務局長 第00014号,コインチェック株式会社,Trade ID: 33624561382
2025/10/25 19:00,売却,媒介,BTC/JPY,JPY,34162.062,BTC,0.002,34162.062,17081031,,,,,関東財務局長 第00014号,コインチェック株式会社,Trade ID: 33658630118
2025/10/27 0:04,売却,媒介,BTC/JPY,JPY,34692.076,BTC,0.002,34692.076,17346038,,,,,関東財務局長 第00014号,コインチェック株式会社,Trade ID: 33671237002
2025/10/27 0:08,売却,媒介,BTC/JPY,JPY,34716.888,BTC,0.002,34716.888,17358444,,,,,関東財務局長 第00014号,コインチェック株式会社,Trade ID: 33671268530
2025/10/27 14:30,売却,媒介,IOST/JPY,JPY,15268,IOST,40000,15268,0.3817,JPY,7.634,,,関東財務局長 第00014号,コインチェック株式会社,Trade ID: 33678525899
2025/10/27 17:56,売却,媒介,BTC/JPY,JPY,35099.7353,BTC,0.001997,35099.7353,17576232,,,,,関東財務局長 第00014号,コインチェック株式会社,Trade ID: 33680878475
2025/10/30 1:38,購入,媒介,IOST/JPY,IOST,20000,JPY,7198,7198,0.3599,JPY,3.599,,,関東財務局長 第00014号,コインチェック株式会社,Trade ID: 33712881547
2025/10/30 1:38,購入,媒介,IOST/JPY,IOST,16000,JPY,5758.4,5758.4,0.3599,JPY,2.8792,,,関東財務局長 第00014号,コインチェック株式会社,Trade ID: 33712882052
2025/10/30 1:38,購入,媒介,IOST/JPY,IOST,3200,JPY,1151.68,1151.68,0.3599,JPY,0.57584,,,関東財務局長 第00014号,コインチェック株式会社,Trade ID: 33712882529
2025/10/30 2:42,購入,媒介,BTC/JPY,BTC,0.00199959,JPY,34092.9855,34092.9855,17049988,,,,,関東財務局長 第00014号,コインチェック株式会社,Trade ID: 33713526436
2025/10/30 2:46,購入,媒介,BTC/JPY,BTC,0.00199983,JPY,34074.99138,34074.99138,17038944,,,,,関東財務局長 第00014号,コインチェック株式会社,Trade ID: 33713569556
2025/10/30 3:39,購入,媒介,IOST/JPY,IOST,800,JPY,287.92,287.92,0.3599,JPY,0.14396,,,関東財務局長 第00014号,コインチェック株式会社,Trade ID: 33714350210
2025/10/30 15:04,受取,,,IOST,481.5713084,,,,,,,,,関東財務局長 第00014号,コインチェック株式会社,エアドロップ
2025/10/31 15:24,購入,媒介,IOST/JPY,IOST,40000,JPY,13584,13584,0.3396,JPY,6.792,,,関東財務局長 第00014号,コインチェック株式会社,Trade ID: 33739006813
2025/11/3 13:40,購入,媒介,BTC/JPY,BTC,0.00199969,JPY,33311.96784,33311.96784,16658566,,,,,関東財務局長 第00014号,コインチェック株式会社,Trade ID: 33772690450
2025/11/3 20:11,購入,媒介,IOST/JPY,IOST,16000,JPY,5203.2,5203.2,0.3252,JPY,2.6016,,,関東財務局長 第00014号,コインチェック株式会社,Trade ID: 33777052257
2025/11/3 20:11,購入,媒介,IOST/JPY,IOST,3200,JPY,1040.64,1040.64,0.3252,JPY,0.52032,,,関東財務局長 第00014号,コインチェック株式会社,Trade ID: 33777052708
2025/11/3 20:13,購入,媒介,IOST/JPY,IOST,20000,JPY,6554,6554,0.3277,JPY,3.277,,,関東財務局長 第00014号,コインチェック株式会社,Trade ID: 33777072104
2025/11/3 20:13,購入,媒介,IOST/JPY,IOST,800,JPY,260.16,260.16,0.3252,JPY,0.13008,,,関東財務局長 第00014号,コインチェック株式会社,Trade ID: 33777072114
2025/11/4 16:39,購入,媒介,IOST/JPY,IOST,15000,JPY,4632,4632,0.3088,JPY,2.316,,,関東財務局長 第00014号,コインチェック株式会社,Trade ID: 33792165250
2025/11/5 9:44,購入,媒介,FPL/JPY,FPL,10000,JPY,10800,10800,1.08,JPY,800,,,関東財務局長 第00014号,コインチェック株式会社,IEO
2025/11/8 10:54,売却,媒介,IOST/JPY,JPY,4761.8472,IOST,13948,4761.8472,0.3414,JPY,2.3809236,,,関東財務局長 第00014号,コインチェック株式会社,Trade ID: 33861313183
2025/11/8 10:58,売却,媒介,IOST/JPY,JPY,3331.7226,IOST,9759,3331.7226,0.3414,JPY,1.6658613,,,関東財務局長 第00014号,コインチェック株式会社,Trade ID: 33861344478
2025/11/8 11:41,売却,媒介,IOST/JPY,JPY,549.654,IOST,1610,549.654,0.3414,JPY,0.274827,,,関東財務局長 第00014号,コインチェック株式会社,Trade ID: 33861793243
2025/11/8 12:38,売却,媒介,IOST/JPY,JPY,10133.7762,IOST,29683,10133.7762,0.3414,JPY,5.0668881,,,関東財務局長 第00014号,コインチェック株式会社,Trade ID: 33862361355
2025/11/12 15:34,受取,,,ETH,0.0000001,,,,,,,,,関東財務局長 第00014号,コインチェック株式会社,ステーキング報酬
2025/11/14 2:36,購入,媒介,IOST/JPY,IOST,20000,JPY,6364,6364,0.3182,JPY,3.182,,,関東財務局長 第00014号,コインチェック株式会社,Trade ID: 33950195462
2025/11/14 9:15,購入,媒介,IOST/JPY,IOST,16000,JPY,4937.6,4937.6,0.3086,JPY,2.4688,,,関東財務局長 第00014号,コインチェック株式会社,Trade ID: 33955789460
2025/11/14 9:15,購入,媒介,IOST/JPY,IOST,3200,JPY,987.52,987.52,0.3086,JPY,0.49376,,,関東財務局長 第00014号,コインチェック株式会社,Trade ID: 33955791059
2025/11/14 10:43,購入,媒介,IOST/JPY,IOST,800,JPY,246.88,246.88,0.3086,JPY,0.12344,,,関東財務局長 第00014号,コインチェック株式会社,Trade ID: 33957094440
2025/11/17 2:32,購入,媒介,IOST/JPY,IOST,10000,JPY,2960,2960,0.296,JPY,1.48,,,関東財務局長 第00014号,コインチェック株式会社,Trade ID: 34001440764
2025/11/25 17:07,売却,媒介,IOST/JPY,JPY,16180,IOST,50000,16180,0.3236,JPY,8.09,,,関東財務局長 第00014号,コインチェック株式会社,Trade ID: 34157496102
2025/12/5 4:22,購入,媒介,IOST/JPY,IOST,20000,JPY,5800,5800,0.29,JPY,2.9,,,関東財務局長 第00014号,コインチェック株式会社,Trade ID: 34295671678
2025/12/10 20:12,受取,,,ETH,0.00000008,,,,,,,,,関東財務局長 第00014号,コインチェック株式会社,ステーキング報酬
2025/12/12 1:19,購入,媒介,IOST/JPY,IOST,3345,JPY,899.805,899.805,0.269,JPY,0.899805,,,関東財務局長 第00014号,コインチェック株式会社,Trade ID: 34399099304
2025/12/13 0:26,購入,媒介,IOST/JPY,IOST,4715,JPY,1268.335,1268.335,0.269,JPY,0.6341675,,,関東財務局長 第00014号,コインチェック株式会社,Trade ID: 34413297080
2025/12/13 0:28,購入,媒介,IOST/JPY,IOST,3600,JPY,968.4,968.4,0.269,JPY,0.4842,,,関東財務局長 第00014号,コインチェック株式会社,Trade ID: 34413335661
2025/12/13 0:28,購入,媒介,IOST/JPY,IOST,3600,JPY,968.4,968.4,0.269,JPY,0.4842,,,関東財務局長 第00014号,コインチェック株式会社,Trade ID: 34413336912
2025/12/13 0:28,購入,媒介,IOST/JPY,IOST,3600,JPY,968.4,968.4,0.269,JPY,0.4842,,,関東財務局長 第00014号,コインチェック株式会社,Trade ID: 34413337869
2025/12/13 0:28,購入,媒介,IOST/JPY,IOST,1140,JPY,306.66,306.66,0.269,JPY,0.15333,,,関東財務局長 第00014号,コインチェック株式会社,Trade ID: 34413338976
2025/12/16 6:00,購入,媒介,IOST/JPY,IOST,20000,JPY,5200,5200,0.26,JPY,2.6,,,関東財務局長 第00014号,コインチェック株式会社,Trade ID: 34453744533
2025/12/16 18:40,購入,媒介,IOST/JPY,IOST,10000,JPY,2441,2441,0.2441,JPY,1.2205,,,関東財務局長 第00014号,コインチェック株式会社,Trade ID: 34461176404
2025/12/31 14:55,売却,媒介,IOST/JPY,JPY,8343,IOST,30000,8343,0.2781,JPY,4.1715,,,関東財務局長 第00014号,コインチェック株式会社,Trade ID: 34649207641
